<?xml version="1.0" encoding="UTF-8"?>
<configuration>
    <appender name="STDOUT" class="ch.qos.logback.core.ConsoleAppender">
        <encoder>
            <pattern>%d{HH:mm:ss.SSS} [%thread] %-5level %logger{36} - %msg%n</pattern>
        </encoder>
    </appender>
    <logger name="io.swagger" level="ERROR"/>
    <logger name="org.eclipse.jetty.server" level="INFO"/>
    <logger name="io.swagger.v3.generator.online" level="DEBUG"/>
<!--
    <logger name="io.swagger.codegen.v3.service" level="DEBUG"/>
    <logger name="io.swagger.codegen.v3.config" level="DEBUG"/>
    <logger name="io.swagger.codegen.v3.generators.DefaultCodegenConfig" level="TRACE"/>
-->

    <root level="WARN">
        <appender-ref ref="STDOUT"/>
    </root>
</configuration>
